{
  "best_k": 3,
  "stability": 0.9564264742515778,
  "silhouette": 0.14241506006349508,
  "alignment": "No domain alignment."
}