{
  "test": {
    "auroc": 0.7084481175390266,
    "auprc": 0.6448103224841608,
    "f1": 0.7560975609756098,
    "acc": 0.696969696969697,
    "best_threshold": 0.36748260259628296
  },
  "ablation": {
    "skip_pathway": false,
    "skip_codeae": true,
    "skip_subtype_finetune": false,
    "skip_subtype_weighting": false,
    "description": "no_codeae"
  }
}