{
  "test": {
    "auroc": 0.7796143250688705,
    "auprc": 0.6903758812209804,
    "f1": 0.8157894736842105,
    "acc": 0.7878787878787878,
    "best_threshold": 6.095273056416772e-05
  },
  "ablation": {
    "skip_pathway": false,
    "skip_codeae": false,
    "skip_subtype_finetune": true,
    "skip_subtype_weighting": false,
    "description": "no_subtype_finetune"
  }
}